INSERT INTO TESTVIJAY(ID,NAME,ADDRESS) VALUES(1,'VIJAY','SAMPLE1');
INSERT INTO TESTVIJAY(ID,NAME,ADDRESS) VALUES(2,'VIJAY','SAMPLE2');
INSERT INTO TESTVIJAY(ID,NAME,ADDRESS) VALUES(6,'VIJAY','SAMPLE6');

INSERT INTO MEMBER(ID,PARENT_ID,NAME,DISTRIBUTOR_ID,BUYER_ONBOARDED_FLG,SUPPLIER_ONBOARDED_FLG,INVESTOR_FLG,DISTRIBUTOR_FLG,COMPANY_REG_NO) VALUES(1,NULL,'SAMPLE1',NULL,false,false,false,false,'REG_01');
INSERT INTO MEMBER(ID,PARENT_ID,NAME,DISTRIBUTOR_ID,BUYER_ONBOARDED_FLG,SUPPLIER_ONBOARDED_FLG,INVESTOR_FLG,DISTRIBUTOR_FLG,COMPANY_REG_NO) VALUES(2,NULL,'SAMPLE2',NULL,false,false,false,false,'REG_02');
INSERT INTO MEMBER(ID,PARENT_ID,NAME,DISTRIBUTOR_ID,BUYER_ONBOARDED_FLG,SUPPLIER_ONBOARDED_FLG,INVESTOR_FLG,DISTRIBUTOR_FLG,COMPANY_REG_NO) VALUES(3,NULL,'SAMPLE3',NULL,false,false,false,false,'REG_03');
INSERT INTO MEMBER(ID,PARENT_ID,NAME,DISTRIBUTOR_ID,BUYER_ONBOARDED_FLG,SUPPLIER_ONBOARDED_FLG,INVESTOR_FLG,DISTRIBUTOR_FLG,COMPANY_REG_NO) VALUES(4,NULL,'SAMPLE4',NULL,false,false,false,false,'REG_04');

INSERT INTO AGREEMENT(ID,RENDENTION_ID) VALUES(1,1);
INSERT INTO AGREEMENT(ID,RENDENTION_ID) VALUES(2,2);
INSERT INTO AGREEMENT(ID,RENDENTION_ID) VALUES(3,3);

INSERT INTO SIGNATURE(DIGITAL_SIGNATURE,PARTY_ID,AGREEMENT_ID) VALUES(1,1,1);
INSERT INTO SIGNATURE(DIGITAL_SIGNATURE,PARTY_ID,AGREEMENT_ID) VALUES(2,2,2);
INSERT INTO SIGNATURE(DIGITAL_SIGNATURE,PARTY_ID,AGREEMENT_ID) VALUES(3,3,3);

INSERT INTO MARKET_LIST(ID, SECTOR) VALUES(1,'AGRICULTURE');
INSERT INTO MARKET_LIST(ID, SECTOR) VALUES(2,'FINANCE');
INSERT INTO MARKET_LIST(ID, SECTOR) VALUES(3,'BANKING');
INSERT INTO MARKET_LIST(ID, SECTOR) VALUES(4,'OPERATIONS');

INSERT INTO INVESTMENT_TERMS(ID,INVESTOR_ID,NAME,CURRENCY,FIXED_FEE,PERCENTAGE_FEE) VALUES(1,1,'ABC','GBP',2,15);
INSERT INTO INVESTMENT_TERMS(ID,INVESTOR_ID,NAME,CURRENCY,FIXED_FEE,PERCENTAGE_FEE) VALUES(2,2,'DEF','GBP',3,25);
INSERT INTO INVESTMENT_TERMS(ID,INVESTOR_ID,NAME,CURRENCY,FIXED_FEE,PERCENTAGE_FEE) VALUES(3,3,'ABC','GBP',4,35);
INSERT INTO INVESTMENT_TERMS(ID,INVESTOR_ID,NAME,CURRENCY,FIXED_FEE,PERCENTAGE_FEE) VALUES(4,4,'ABC','GBP',5,45);

INSERT INTO INVESTMENT_PROFILE(ID,DESCRIPTION,NAME,EMPLOYEES_MIN,EMPLOYEES_MAX,TURNOVER_MIN,TURNOVER_MAX,MAX_EXPOSURE,INVESTMENT_TERMS_ID,INVESTOR_ID) VALUES(1,'ABC','123',0,50,1500,2500,20,1,1);
INSERT INTO INVESTMENT_PROFILE(ID,DESCRIPTION,NAME,EMPLOYEES_MIN,EMPLOYEES_MAX,TURNOVER_MIN,TURNOVER_MAX,MAX_EXPOSURE,INVESTMENT_TERMS_ID,INVESTOR_ID) VALUES(2,'XYZ','456',100,500,2500,3500,30,2,2);
INSERT INTO INVESTMENT_PROFILE(ID,DESCRIPTION,NAME,EMPLOYEES_MIN,EMPLOYEES_MAX,TURNOVER_MIN,TURNOVER_MAX,MAX_EXPOSURE,INVESTMENT_TERMS_ID,INVESTOR_ID) VALUES(3,'DEF','789',500,5000,3500,4500,40,3,3);
INSERT INTO INVESTMENT_PROFILE(ID,DESCRIPTION,NAME,EMPLOYEES_MIN,EMPLOYEES_MAX,TURNOVER_MIN,TURNOVER_MAX,MAX_EXPOSURE,INVESTMENT_TERMS_ID,INVESTOR_ID) VALUES(4,'GHI','910',600,6000,4500,5500,50,4,4);

INSERT INTO MARKET_LINK(PROFILE_ID, MARKET_ID) VALUES(1,1);
INSERT INTO MARKET_LINK(PROFILE_ID, MARKET_ID) VALUES(2,2);
INSERT INTO MARKET_LINK(PROFILE_ID, MARKET_ID) VALUES(3,3);
INSERT INTO MARKET_LINK(PROFILE_ID, MARKET_ID) VALUES(3,4);
INSERT INTO MARKET_LINK(PROFILE_ID, MARKET_ID) VALUES(4,3);
INSERT INTO MARKET_LINK(PROFILE_ID, MARKET_ID) VALUES(4,4);

INSERT INTO OBILL(ID,DRAWEE_ID,DRAWER_ID,PAYEE_ID,DRAWN_DT,AGREED_DT,AMOUNT,CURRENCY,MATURITY_DT) VALUES(1,1,1,1,'2011-07-02','2011-07-02',100,'GBP','2011-08-02');
INSERT INTO OBILL(ID,DRAWEE_ID,DRAWER_ID,PAYEE_ID,DRAWN_DT,AGREED_DT,AMOUNT,CURRENCY,MATURITY_DT) VALUES(2,2,2,2,'2011-08-02','2011-08-02',200,'GBP','2011-09-02');
INSERT INTO OBILL(ID,DRAWEE_ID,DRAWER_ID,PAYEE_ID,DRAWN_DT,AGREED_DT,AMOUNT,CURRENCY,MATURITY_DT) VALUES(3,3,3,3,'2011-09-02','2011-09-02',300,'GBP','2012-01-02');
INSERT INTO OBILL(ID,DRAWEE_ID,DRAWER_ID,PAYEE_ID,DRAWN_DT,AGREED_DT,AMOUNT,CURRENCY,MATURITY_DT) VALUES(4,4,4,4,'2012-09-02','2012-09-02',300,'GBP','2013-01-02');
